--
-- PostgreSQL database dump
--

-- Dumped from database version 15.2
-- Dumped by pg_dump version 15.2

SET statement_timeout = 0;
SET lock_timeout = 0;
SET idle_in_transaction_session_timeout = 0;
SET client_encoding = 'UTF8';
SET standard_conforming_strings = on;
SELECT pg_catalog.set_config('search_path', '', false);
SET check_function_bodies = false;
SET xmloption = content;
SET client_min_messages = warning;
SET row_security = off;

SET default_tablespace = '';

SET default_table_access_method = heap;

--
-- Name: auth_group; Type: TABLE; Schema: public; Owner: postgres
--

CREATE TABLE public.auth_group (
    id integer NOT NULL,
    name character varying(150) NOT NULL
);


ALTER TABLE public.auth_group OWNER TO postgres;

--
-- Name: auth_group_id_seq; Type: SEQUENCE; Schema: public; Owner: postgres
--

ALTER TABLE public.auth_group ALTER COLUMN id ADD GENERATED BY DEFAULT AS IDENTITY (
    SEQUENCE NAME public.auth_group_id_seq
    START WITH 1
    INCREMENT BY 1
    NO MINVALUE
    NO MAXVALUE
    CACHE 1
);


--
-- Name: auth_group_permissions; Type: TABLE; Schema: public; Owner: postgres
--

CREATE TABLE public.auth_group_permissions (
    id bigint NOT NULL,
    group_id integer NOT NULL,
    permission_id integer NOT NULL
);


ALTER TABLE public.auth_group_permissions OWNER TO postgres;

--
-- Name: auth_group_permissions_id_seq; Type: SEQUENCE; Schema: public; Owner: postgres
--

ALTER TABLE public.auth_group_permissions ALTER COLUMN id ADD GENERATED BY DEFAULT AS IDENTITY (
    SEQUENCE NAME public.auth_group_permissions_id_seq
    START WITH 1
    INCREMENT BY 1
    NO MINVALUE
    NO MAXVALUE
    CACHE 1
);


--
-- Name: auth_permission; Type: TABLE; Schema: public; Owner: postgres
--

CREATE TABLE public.auth_permission (
    id integer NOT NULL,
    name character varying(255) NOT NULL,
    content_type_id integer NOT NULL,
    codename character varying(100) NOT NULL
);


ALTER TABLE public.auth_permission OWNER TO postgres;

--
-- Name: auth_permission_id_seq; Type: SEQUENCE; Schema: public; Owner: postgres
--

ALTER TABLE public.auth_permission ALTER COLUMN id ADD GENERATED BY DEFAULT AS IDENTITY (
    SEQUENCE NAME public.auth_permission_id_seq
    START WITH 1
    INCREMENT BY 1
    NO MINVALUE
    NO MAXVALUE
    CACHE 1
);


--
-- Name: auth_user; Type: TABLE; Schema: public; Owner: postgres
--

CREATE TABLE public.auth_user (
    id integer NOT NULL,
    password character varying(128) NOT NULL,
    last_login timestamp with time zone,
    is_superuser boolean NOT NULL,
    username character varying(150) NOT NULL,
    first_name character varying(150) NOT NULL,
    last_name character varying(150) NOT NULL,
    email character varying(254) NOT NULL,
    is_staff boolean NOT NULL,
    is_active boolean NOT NULL,
    date_joined timestamp with time zone NOT NULL
);


ALTER TABLE public.auth_user OWNER TO postgres;

--
-- Name: auth_user_groups; Type: TABLE; Schema: public; Owner: postgres
--

CREATE TABLE public.auth_user_groups (
    id bigint NOT NULL,
    user_id integer NOT NULL,
    group_id integer NOT NULL
);


ALTER TABLE public.auth_user_groups OWNER TO postgres;

--
-- Name: auth_user_groups_id_seq; Type: SEQUENCE; Schema: public; Owner: postgres
--

ALTER TABLE public.auth_user_groups ALTER COLUMN id ADD GENERATED BY DEFAULT AS IDENTITY (
    SEQUENCE NAME public.auth_user_groups_id_seq
    START WITH 1
    INCREMENT BY 1
    NO MINVALUE
    NO MAXVALUE
    CACHE 1
);


--
-- Name: auth_user_id_seq; Type: SEQUENCE; Schema: public; Owner: postgres
--

ALTER TABLE public.auth_user ALTER COLUMN id ADD GENERATED BY DEFAULT AS IDENTITY (
    SEQUENCE NAME public.auth_user_id_seq
    START WITH 1
    INCREMENT BY 1
    NO MINVALUE
    NO MAXVALUE
    CACHE 1
);


--
-- Name: auth_user_user_permissions; Type: TABLE; Schema: public; Owner: postgres
--

CREATE TABLE public.auth_user_user_permissions (
    id bigint NOT NULL,
    user_id integer NOT NULL,
    permission_id integer NOT NULL
);


ALTER TABLE public.auth_user_user_permissions OWNER TO postgres;

--
-- Name: auth_user_user_permissions_id_seq; Type: SEQUENCE; Schema: public; Owner: postgres
--

ALTER TABLE public.auth_user_user_permissions ALTER COLUMN id ADD GENERATED BY DEFAULT AS IDENTITY (
    SEQUENCE NAME public.auth_user_user_permissions_id_seq
    START WITH 1
    INCREMENT BY 1
    NO MINVALUE
    NO MAXVALUE
    CACHE 1
);


--
-- Name: django_admin_log; Type: TABLE; Schema: public; Owner: postgres
--

CREATE TABLE public.django_admin_log (
    id integer NOT NULL,
    action_time timestamp with time zone NOT NULL,
    object_id text,
    object_repr character varying(200) NOT NULL,
    action_flag smallint NOT NULL,
    change_message text NOT NULL,
    content_type_id integer,
    user_id integer NOT NULL,
    CONSTRAINT django_admin_log_action_flag_check CHECK ((action_flag >= 0))
);


ALTER TABLE public.django_admin_log OWNER TO postgres;

--
-- Name: django_admin_log_id_seq; Type: SEQUENCE; Schema: public; Owner: postgres
--

ALTER TABLE public.django_admin_log ALTER COLUMN id ADD GENERATED BY DEFAULT AS IDENTITY (
    SEQUENCE NAME public.django_admin_log_id_seq
    START WITH 1
    INCREMENT BY 1
    NO MINVALUE
    NO MAXVALUE
    CACHE 1
);


--
-- Name: django_content_type; Type: TABLE; Schema: public; Owner: postgres
--

CREATE TABLE public.django_content_type (
    id integer NOT NULL,
    app_label character varying(100) NOT NULL,
    model character varying(100) NOT NULL
);


ALTER TABLE public.django_content_type OWNER TO postgres;

--
-- Name: django_content_type_id_seq; Type: SEQUENCE; Schema: public; Owner: postgres
--

ALTER TABLE public.django_content_type ALTER COLUMN id ADD GENERATED BY DEFAULT AS IDENTITY (
    SEQUENCE NAME public.django_content_type_id_seq
    START WITH 1
    INCREMENT BY 1
    NO MINVALUE
    NO MAXVALUE
    CACHE 1
);


--
-- Name: django_migrations; Type: TABLE; Schema: public; Owner: postgres
--

CREATE TABLE public.django_migrations (
    id bigint NOT NULL,
    app character varying(255) NOT NULL,
    name character varying(255) NOT NULL,
    applied timestamp with time zone NOT NULL
);


ALTER TABLE public.django_migrations OWNER TO postgres;

--
-- Name: django_migrations_id_seq; Type: SEQUENCE; Schema: public; Owner: postgres
--

ALTER TABLE public.django_migrations ALTER COLUMN id ADD GENERATED BY DEFAULT AS IDENTITY (
    SEQUENCE NAME public.django_migrations_id_seq
    START WITH 1
    INCREMENT BY 1
    NO MINVALUE
    NO MAXVALUE
    CACHE 1
);


--
-- Name: django_session; Type: TABLE; Schema: public; Owner: postgres
--

CREATE TABLE public.django_session (
    session_key character varying(40) NOT NULL,
    session_data text NOT NULL,
    expire_date timestamp with time zone NOT NULL
);


ALTER TABLE public.django_session OWNER TO postgres;

--
-- Name: mall_am_clients; Type: TABLE; Schema: public; Owner: postgres
--

CREATE TABLE public.mall_am_clients (
    id bigint NOT NULL,
    email character varying(254) NOT NULL,
    phone_number character varying NOT NULL,
    address character varying NOT NULL
);


ALTER TABLE public.mall_am_clients OWNER TO postgres;

--
-- Name: mall_am_clients_id_seq; Type: SEQUENCE; Schema: public; Owner: postgres
--

ALTER TABLE public.mall_am_clients ALTER COLUMN id ADD GENERATED BY DEFAULT AS IDENTITY (
    SEQUENCE NAME public.mall_am_clients_id_seq
    START WITH 1
    INCREMENT BY 1
    NO MINVALUE
    NO MAXVALUE
    CACHE 1
);


--
-- Name: mall_am_customer; Type: TABLE; Schema: public; Owner: postgres
--

CREATE TABLE public.mall_am_customer (
    id bigint NOT NULL,
    name character varying NOT NULL,
    email character varying(254) NOT NULL,
    phone_number character varying NOT NULL,
    address character varying NOT NULL,
    registration_number integer NOT NULL,
    bank_account integer NOT NULL,
    logo character varying NOT NULL
);


ALTER TABLE public.mall_am_customer OWNER TO postgres;

--
-- Name: mall_am_customer_id_seq; Type: SEQUENCE; Schema: public; Owner: postgres
--

ALTER TABLE public.mall_am_customer ALTER COLUMN id ADD GENERATED BY DEFAULT AS IDENTITY (
    SEQUENCE NAME public.mall_am_customer_id_seq
    START WITH 1
    INCREMENT BY 1
    NO MINVALUE
    NO MAXVALUE
    CACHE 1
);


--
-- Name: mall_am_driver; Type: TABLE; Schema: public; Owner: postgres
--

CREATE TABLE public.mall_am_driver (
    id bigint NOT NULL,
    driver_name character varying NOT NULL,
    driver_phone_number integer NOT NULL
);


ALTER TABLE public.mall_am_driver OWNER TO postgres;

--
-- Name: mall_am_driver_id_seq; Type: SEQUENCE; Schema: public; Owner: postgres
--

ALTER TABLE public.mall_am_driver ALTER COLUMN id ADD GENERATED BY DEFAULT AS IDENTITY (
    SEQUENCE NAME public.mall_am_driver_id_seq
    START WITH 1
    INCREMENT BY 1
    NO MINVALUE
    NO MAXVALUE
    CACHE 1
);


--
-- Name: mall_am_orders; Type: TABLE; Schema: public; Owner: postgres
--

CREATE TABLE public.mall_am_orders (
    id bigint NOT NULL,
    product_price numeric(10,2) NOT NULL,
    count integer NOT NULL,
    product_image_url character varying(200) NOT NULL,
    customer_email character varying(254) NOT NULL,
    product_name character varying(255) NOT NULL,
    order_id integer NOT NULL,
    order_time timestamp with time zone NOT NULL
);


ALTER TABLE public.mall_am_orders OWNER TO postgres;

--
-- Name: mall_am_product_id_seq; Type: SEQUENCE; Schema: public; Owner: postgres
--

ALTER TABLE public.mall_am_orders ALTER COLUMN id ADD GENERATED BY DEFAULT AS IDENTITY (
    SEQUENCE NAME public.mall_am_product_id_seq
    START WITH 1
    INCREMENT BY 1
    NO MINVALUE
    NO MAXVALUE
    CACHE 1
);


--
-- Name: mall_am_products; Type: TABLE; Schema: public; Owner: postgres
--

CREATE TABLE public.mall_am_products (
    id bigint NOT NULL,
    product_name character varying NOT NULL,
    product_price character varying NOT NULL,
    product_availability boolean NOT NULL,
    product_image character varying NOT NULL,
    shop_name character varying NOT NULL,
    product_description character varying NOT NULL
);


ALTER TABLE public.mall_am_products OWNER TO postgres;

--
-- Name: mall_am_products_id_seq; Type: SEQUENCE; Schema: public; Owner: postgres
--

ALTER TABLE public.mall_am_products ALTER COLUMN id ADD GENERATED BY DEFAULT AS IDENTITY (
    SEQUENCE NAME public.mall_am_products_id_seq
    START WITH 1
    INCREMENT BY 1
    NO MINVALUE
    NO MAXVALUE
    CACHE 1
);


--
-- Name: mall_am_userscart; Type: TABLE; Schema: public; Owner: postgres
--

CREATE TABLE public.mall_am_userscart (
    id bigint NOT NULL,
    user_email character varying(254) NOT NULL,
    product_name character varying NOT NULL,
    shop_name character varying NOT NULL,
    count integer NOT NULL,
    product_image character varying NOT NULL,
    product_price real,
    product_total_price real
);


ALTER TABLE public.mall_am_userscart OWNER TO postgres;

--
-- Name: mall_am_userscart_id_seq; Type: SEQUENCE; Schema: public; Owner: postgres
--

ALTER TABLE public.mall_am_userscart ALTER COLUMN id ADD GENERATED BY DEFAULT AS IDENTITY (
    SEQUENCE NAME public.mall_am_userscart_id_seq
    START WITH 1
    INCREMENT BY 1
    NO MINVALUE
    NO MAXVALUE
    CACHE 1
);


--
-- Name: mall_am_userspayment; Type: TABLE; Schema: public; Owner: postgres
--

CREATE TABLE public.mall_am_userspayment (
    id bigint NOT NULL,
    user_email character varying(254) NOT NULL,
    card_number character varying NOT NULL,
    card_date character varying NOT NULL,
    card_cvv character varying NOT NULL,
    card_holder_name character varying NOT NULL
);


ALTER TABLE public.mall_am_userspayment OWNER TO postgres;

--
-- Name: mall_am_userspayment_id_seq; Type: SEQUENCE; Schema: public; Owner: postgres
--

ALTER TABLE public.mall_am_userspayment ALTER COLUMN id ADD GENERATED BY DEFAULT AS IDENTITY (
    SEQUENCE NAME public.mall_am_userspayment_id_seq
    START WITH 1
    INCREMENT BY 1
    NO MINVALUE
    NO MAXVALUE
    CACHE 1
);


--
-- Data for Name: auth_group; Type: TABLE DATA; Schema: public; Owner: postgres
--

COPY public.auth_group (id, name) FROM stdin;
\.


--
-- Data for Name: auth_group_permissions; Type: TABLE DATA; Schema: public; Owner: postgres
--

COPY public.auth_group_permissions (id, group_id, permission_id) FROM stdin;
\.


--
-- Data for Name: auth_permission; Type: TABLE DATA; Schema: public; Owner: postgres
--

COPY public.auth_permission (id, name, content_type_id, codename) FROM stdin;
1	Can add log entry	1	add_logentry
2	Can change log entry	1	change_logentry
3	Can delete log entry	1	delete_logentry
4	Can view log entry	1	view_logentry
5	Can add permission	2	add_permission
6	Can change permission	2	change_permission
7	Can delete permission	2	delete_permission
8	Can view permission	2	view_permission
9	Can add group	3	add_group
10	Can change group	3	change_group
11	Can delete group	3	delete_group
12	Can view group	3	view_group
13	Can add user	4	add_user
14	Can change user	4	change_user
15	Can delete user	4	delete_user
16	Can view user	4	view_user
17	Can add content type	5	add_contenttype
18	Can change content type	5	change_contenttype
19	Can delete content type	5	delete_contenttype
20	Can view content type	5	view_contenttype
21	Can add session	6	add_session
22	Can change session	6	change_session
23	Can delete session	6	delete_session
24	Can view session	6	view_session
25	Can add product	7	add_product
26	Can change product	7	change_product
27	Can delete product	7	delete_product
28	Can view product	7	view_product
29	Can add clients	8	add_clients
30	Can change clients	8	change_clients
31	Can delete clients	8	delete_clients
32	Can view clients	8	view_clients
33	Can add customer	9	add_customer
34	Can change customer	9	change_customer
35	Can delete customer	9	delete_customer
36	Can view customer	9	view_customer
37	Can add driver	10	add_driver
38	Can change driver	10	change_driver
39	Can delete driver	10	delete_driver
40	Can view driver	10	view_driver
41	Can add users payment	11	add_userspayment
42	Can change users payment	11	change_userspayment
43	Can delete users payment	11	delete_userspayment
44	Can view users payment	11	view_userspayment
45	Can add users cart	12	add_userscart
46	Can change users cart	12	change_userscart
47	Can delete users cart	12	delete_userscart
48	Can view users cart	12	view_userscart
49	Can add orders	7	add_orders
50	Can change orders	7	change_orders
51	Can delete orders	7	delete_orders
52	Can view orders	7	view_orders
53	Can add products	13	add_products
54	Can change products	13	change_products
55	Can delete products	13	delete_products
56	Can view products	13	view_products
\.


--
-- Data for Name: auth_user; Type: TABLE DATA; Schema: public; Owner: postgres
--

COPY public.auth_user (id, password, last_login, is_superuser, username, first_name, last_name, email, is_staff, is_active, date_joined) FROM stdin;
1	pbkdf2_sha256$600000$ktXoaGe4bEJ8bIu7I7CqCf$GHXHE+GFbcaXkzwXcN5KmkvySgKgfcXeBdtk+s7Xp9w=	2023-08-03 12:55:36.283954+04	t	admin			admin@gmail.com	t	t	2023-07-17 22:18:26.981381+04
\.


--
-- Data for Name: auth_user_groups; Type: TABLE DATA; Schema: public; Owner: postgres
--

COPY public.auth_user_groups (id, user_id, group_id) FROM stdin;
\.


--
-- Data for Name: auth_user_user_permissions; Type: TABLE DATA; Schema: public; Owner: postgres
--

COPY public.auth_user_user_permissions (id, user_id, permission_id) FROM stdin;
\.


--
-- Data for Name: django_admin_log; Type: TABLE DATA; Schema: public; Owner: postgres
--

COPY public.django_admin_log (id, action_time, object_id, object_repr, action_flag, change_message, content_type_id, user_id) FROM stdin;
1	2023-07-17 22:22:33.848945+04	1	Zara	1	[{"added": {}}]	9	1
2	2023-07-26 15:20:42.580462+04	3	Massimo Dutti	1	[{"added": {}}]	9	1
3	2023-07-26 15:22:01.140384+04	4	LC Waikiki	1	[{"added": {}}]	9	1
4	2023-07-26 15:22:36.106453+04	5	asos	1	[{"added": {}}]	9	1
5	2023-07-26 15:23:11.711533+04	6	mall	1	[{"added": {}}]	9	1
\.


--
-- Data for Name: django_content_type; Type: TABLE DATA; Schema: public; Owner: postgres
--

COPY public.django_content_type (id, app_label, model) FROM stdin;
1	admin	logentry
2	auth	permission
3	auth	group
4	auth	user
5	contenttypes	contenttype
6	sessions	session
8	mall_am	clients
9	mall_am	customer
10	mall_am	driver
11	mall_am	userspayment
7	mall_am	orders
12	mall_am	userscart
13	mall_am	products
\.


--
-- Data for Name: django_migrations; Type: TABLE DATA; Schema: public; Owner: postgres
--

COPY public.django_migrations (id, app, name, applied) FROM stdin;
1	contenttypes	0001_initial	2023-07-17 21:26:28.327804+04
2	auth	0001_initial	2023-07-17 21:26:28.373215+04
3	admin	0001_initial	2023-07-17 21:26:28.386237+04
4	admin	0002_logentry_remove_auto_add	2023-07-17 21:26:28.391452+04
5	admin	0003_logentry_add_action_flag_choices	2023-07-17 21:26:28.395961+04
6	contenttypes	0002_remove_content_type_name	2023-07-17 21:26:28.404875+04
7	auth	0002_alter_permission_name_max_length	2023-07-17 21:26:28.408875+04
8	auth	0003_alter_user_email_max_length	2023-07-17 21:26:28.413902+04
9	auth	0004_alter_user_username_opts	2023-07-17 21:26:28.418902+04
10	auth	0005_alter_user_last_login_null	2023-07-17 21:26:28.424148+04
11	auth	0006_require_contenttypes_0002	2023-07-17 21:26:28.425147+04
12	auth	0007_alter_validators_add_error_messages	2023-07-17 21:26:28.428657+04
13	auth	0008_alter_user_username_max_length	2023-07-17 21:26:28.436175+04
14	auth	0009_alter_user_last_name_max_length	2023-07-17 21:26:28.440174+04
15	auth	0010_alter_group_name_max_length	2023-07-17 21:26:28.445585+04
16	auth	0011_update_proxy_permissions	2023-07-17 21:26:28.448496+04
17	auth	0012_alter_user_first_name_max_length	2023-07-17 21:26:28.454017+04
18	mall_am	0001_initial	2023-07-17 21:26:28.459019+04
19	mall_am	0002_product_order_time	2023-07-17 21:26:28.464034+04
20	sessions	0001_initial	2023-07-17 21:26:28.471223+04
21	mall_am	0003_clients_customer	2023-07-17 21:32:40.849183+04
22	mall_am	0004_driver	2023-07-17 21:35:58.336603+04
23	mall_am	0005_userspayment	2023-07-26 13:51:25.266953+04
24	mall_am	0006_customer_logo	2023-07-26 15:16:01.565529+04
25	mall_am	0007_userscart_rename_product_orders	2023-08-04 13:45:07.185132+04
26	mall_am	0008_products	2023-08-04 13:47:55.742914+04
\.


--
-- Data for Name: django_session; Type: TABLE DATA; Schema: public; Owner: postgres
--

COPY public.django_session (session_key, session_data, expire_date) FROM stdin;
yj2lut91dmxiscbeb4efv34ddniilslz	.eJxVjDsOwjAQRO_iGlnr9WcFJT1nsOz1BgeQI8VJhbg7iZQCNN28N_NWMa1LjWuXOY5FXZRRp98uJ35K20F5pHafNE9tmcesd0UftOvbVOR1Pdy_g5p63dYAhthbZwlz9o4hCQUTsiARi4CxbkAUf96CNgCRY3RcjB1AOLD6fAG5Cjb-:1qLSo3:HdIPWnZDI7OV7fWyilv1_MpbbAGFCuOqWe14xLbvSJg	2023-07-31 22:18:47.453526+04
kipn6sok0bfps3msdgms7synacvn46z6	.eJxVjDsOwjAQRO_iGlnr9WcFJT1nsOz1BgeQI8VJhbg7iZQCNN28N_NWMa1LjWuXOY5FXZRRp98uJ35K20F5pHafNE9tmcesd0UftOvbVOR1Pdy_g5p63dYAhthbZwlz9o4hCQUTsiARi4CxbkAUf96CNgCRY3RcjB1AOLD6fAG5Cjb-:1qLU9W:DoqybLCJcWwlGMMNQgdS-4fpq_owe4fweKmVLx_2ZKk	2023-07-31 23:45:02.909451+04
033ejg2gze17jcqm9v7ow1a6va53e0um	.eJxVjDsOwjAQRO_iGlnr9WcFJT1nsOz1BgeQI8VJhbg7iZQCNN28N_NWMa1LjWuXOY5FXZRRp98uJ35K20F5pHafNE9tmcesd0UftOvbVOR1Pdy_g5p63dYAhthbZwlz9o4hCQUTsiARi4CxbkAUf96CNgCRY3RcjB1AOLD6fAG5Cjb-:1qRU7M:jkv6YdpWPAU2J7iVKfBtTYjRVY9Oku7DeP2A5UgjIzo	2023-08-17 12:55:36.289785+04
\.


--
-- Data for Name: mall_am_clients; Type: TABLE DATA; Schema: public; Owner: postgres
--

COPY public.mall_am_clients (id, email, phone_number, address) FROM stdin;
\.


--
-- Data for Name: mall_am_customer; Type: TABLE DATA; Schema: public; Owner: postgres
--

COPY public.mall_am_customer (id, name, email, phone_number, address, registration_number, bank_account, logo) FROM stdin;
1	Zara	zara@gmail.com	+37495663333	Yerevan, Pushkin Street	4002563	2147483647	https://i.pinimg.com/564x/2b/e3/1f/2be31f78fd0f1029a2fd425245ce4aa8.jpg
2	Polo Ralph Lauren	polo@gmail.com	+374996632252	Amiryan street	210056	2147483647	https://i.pinimg.com/564x/4c/da/05/4cda05e42caee3e310b6ba07579d2db8.jpg
3	Massimo Dutti	massimo@mail.com	+37455669522	Yerevan	210056	2144883647	https://i.pinimg.com/564x/92/b7/ea/92b7ea87e94b179714e465dd61d995ff.jpg
4	LC Waikiki	waikiki@gmail.com	+37477108803	Yerevan, Saryan	4001256	2147483646	https://i.pinimg.com/564x/91/38/bf/9138bf7b781c8954841e6ea7757e51cb.jpg
5	asos	asos.email@gmail.com	+22474584631	Yerevan	210056	2147483647	https://i.pinimg.com/564x/11/fd/4f/11fd4fec4bb73609036bd6e54311f74c.jpg
6	mall	mall@gmail.com	+55996481322	Yerevan	210056	2147483647	https://i.pinimg.com/564x/03/75/bf/0375bfeb08c2919cec90d6a66b3d39ec.jpg
\.


--
-- Data for Name: mall_am_driver; Type: TABLE DATA; Schema: public; Owner: postgres
--

COPY public.mall_am_driver (id, driver_name, driver_phone_number) FROM stdin;
\.


--
-- Data for Name: mall_am_orders; Type: TABLE DATA; Schema: public; Owner: postgres
--

COPY public.mall_am_orders (id, product_price, count, product_image_url, customer_email, product_name, order_id, order_time) FROM stdin;
2	56.00	1	https://fakestoreapi.com/img/51Y5NI-I5jL._AC_UX679_.jpg	barseghyangor8@gmail.com	BIYLACLESEN Women's 3-in-1 Snowboard Jacket Winter Coats	5358	2023-07-18 00:02:17.358299+04
3	9.00	1	https://fakestoreapi.com/img/71z3kpMAYsL._AC_UY879_.jpg	barseghyangor8@gmail.com	MBJ Women's Solid Short Sleeve Boat Neck V 	7873	2023-07-18 00:04:43.077605+04
4	9.00	1	https://fakestoreapi.com/img/71z3kpMAYsL._AC_UY879_.jpg	barseghyangor8@gmail.com	MBJ Women's Solid Short Sleeve Boat Neck V 	7946	2023-07-17 20:10:56.66493+04
5	9.00	1	https://fakestoreapi.com/img/71z3kpMAYsL._AC_UY879_.jpg	barseghyangor8@gmail.com	MBJ Women's Solid Short Sleeve Boat Neck V 	4946	2023-07-17 20:10:56.66493+04
6	39.00	1	https://fakestoreapi.com/img/71HblAHs5xL._AC_UY879_-2.jpg	barseghyangor8@gmail.com	Rain Jacket Women Windbreaker Striped Climbing Raincoats	8166	2023-07-19 12:44:59.588285+04
7	7.00	1	https://fakestoreapi.com/img/51eg55uWmdL._AC_UX679_.jpg	barseghyangor8@gmail.com	Opna Women's Short Sleeve Moisture	9213	2023-07-19 12:44:59.588285+04
\.


--
-- Data for Name: mall_am_products; Type: TABLE DATA; Schema: public; Owner: postgres
--

COPY public.mall_am_products (id, product_name, product_price, product_availability, product_image, shop_name, product_description) FROM stdin;
\.


--
-- Data for Name: mall_am_userscart; Type: TABLE DATA; Schema: public; Owner: postgres
--

COPY public.mall_am_userscart (id, user_email, product_name, shop_name, count, product_image, product_price, product_total_price) FROM stdin;
61		BASIC KNIT SWEATER	mall	4	https://static.zara.net/photos///2023/I/0/1/p/8851/121/632/2/w/613/8851121632_2_5_1.jpg?ts=1692178857638	19900	159200
62		METALLIC CAMISOLE TOP	mall	1	https://static.zara.net/photos///2023/I/0/1/p/1165/170/836/3/w/613/1165170836_2_3_1.jpg?ts=1692201826300	19900	19900
52		HOODED JACKET	mall	1	https://static.zara.net/photos///2023/I/0/1/p/8372/255/505/3/w/613/8372255505_1_1_1.jpg?ts=1692009271255	32900	32900
53		TIE-DYE TOTE BAG	mall	2	https://static.zara.net/photos///2023/I/1/1/p/6053/210/202/2/w/613/6053210202_1_1_1.jpg?ts=1689157164452	32900	65800
54		SHOULDER BAG WITH CHAIN	mall	2	https://static.zara.net/photos///2023/I/1/1/p/6303/110/111/2/w/613/6303110111_1_1_1.jpg?ts=1685093208089	29900	59800
\.


--
-- Data for Name: mall_am_userspayment; Type: TABLE DATA; Schema: public; Owner: postgres
--

COPY public.mall_am_userspayment (id, user_email, card_number, card_date, card_cvv, card_holder_name) FROM stdin;
1	barseghyangor8@gmail.com	Meri Telunts	4083 0063 5501 6601	02/30	900
\.


--
-- Name: auth_group_id_seq; Type: SEQUENCE SET; Schema: public; Owner: postgres
--

SELECT pg_catalog.setval('public.auth_group_id_seq', 1, false);


--
-- Name: auth_group_permissions_id_seq; Type: SEQUENCE SET; Schema: public; Owner: postgres
--

SELECT pg_catalog.setval('public.auth_group_permissions_id_seq', 1, false);


--
-- Name: auth_permission_id_seq; Type: SEQUENCE SET; Schema: public; Owner: postgres
--

SELECT pg_catalog.setval('public.auth_permission_id_seq', 56, true);


--
-- Name: auth_user_groups_id_seq; Type: SEQUENCE SET; Schema: public; Owner: postgres
--

SELECT pg_catalog.setval('public.auth_user_groups_id_seq', 1, false);


--
-- Name: auth_user_id_seq; Type: SEQUENCE SET; Schema: public; Owner: postgres
--

SELECT pg_catalog.setval('public.auth_user_id_seq', 1, true);


--
-- Name: auth_user_user_permissions_id_seq; Type: SEQUENCE SET; Schema: public; Owner: postgres
--

SELECT pg_catalog.setval('public.auth_user_user_permissions_id_seq', 1, false);


--
-- Name: django_admin_log_id_seq; Type: SEQUENCE SET; Schema: public; Owner: postgres
--

SELECT pg_catalog.setval('public.django_admin_log_id_seq', 5, true);


--
-- Name: django_content_type_id_seq; Type: SEQUENCE SET; Schema: public; Owner: postgres
--

SELECT pg_catalog.setval('public.django_content_type_id_seq', 13, true);


--
-- Name: django_migrations_id_seq; Type: SEQUENCE SET; Schema: public; Owner: postgres
--

SELECT pg_catalog.setval('public.django_migrations_id_seq', 26, true);


--
-- Name: mall_am_clients_id_seq; Type: SEQUENCE SET; Schema: public; Owner: postgres
--

SELECT pg_catalog.setval('public.mall_am_clients_id_seq', 1, false);


--
-- Name: mall_am_customer_id_seq; Type: SEQUENCE SET; Schema: public; Owner: postgres
--

SELECT pg_catalog.setval('public.mall_am_customer_id_seq', 6, true);


--
-- Name: mall_am_driver_id_seq; Type: SEQUENCE SET; Schema: public; Owner: postgres
--

SELECT pg_catalog.setval('public.mall_am_driver_id_seq', 1, false);


--
-- Name: mall_am_product_id_seq; Type: SEQUENCE SET; Schema: public; Owner: postgres
--

SELECT pg_catalog.setval('public.mall_am_product_id_seq', 7, true);


--
-- Name: mall_am_products_id_seq; Type: SEQUENCE SET; Schema: public; Owner: postgres
--

SELECT pg_catalog.setval('public.mall_am_products_id_seq', 1, false);


--
-- Name: mall_am_userscart_id_seq; Type: SEQUENCE SET; Schema: public; Owner: postgres
--

SELECT pg_catalog.setval('public.mall_am_userscart_id_seq', 67, true);


--
-- Name: mall_am_userspayment_id_seq; Type: SEQUENCE SET; Schema: public; Owner: postgres
--

SELECT pg_catalog.setval('public.mall_am_userspayment_id_seq', 1, true);


--
-- Name: auth_group auth_group_name_key; Type: CONSTRAINT; Schema: public; Owner: postgres
--

ALTER TABLE ONLY public.auth_group
    ADD CONSTRAINT auth_group_name_key UNIQUE (name);


--
-- Name: auth_group_permissions auth_group_permissions_group_id_permission_id_0cd325b0_uniq; Type: CONSTRAINT; Schema: public; Owner: postgres
--

ALTER TABLE ONLY public.auth_group_permissions
    ADD CONSTRAINT auth_group_permissions_group_id_permission_id_0cd325b0_uniq UNIQUE (group_id, permission_id);


--
-- Name: auth_group_permissions auth_group_permissions_pkey; Type: CONSTRAINT; Schema: public; Owner: postgres
--

ALTER TABLE ONLY public.auth_group_permissions
    ADD CONSTRAINT auth_group_permissions_pkey PRIMARY KEY (id);


--
-- Name: auth_group auth_group_pkey; Type: CONSTRAINT; Schema: public; Owner: postgres
--

ALTER TABLE ONLY public.auth_group
    ADD CONSTRAINT auth_group_pkey PRIMARY KEY (id);


--
-- Name: auth_permission auth_permission_content_type_id_codename_01ab375a_uniq; Type: CONSTRAINT; Schema: public; Owner: postgres
--

ALTER TABLE ONLY public.auth_permission
    ADD CONSTRAINT auth_permission_content_type_id_codename_01ab375a_uniq UNIQUE (content_type_id, codename);


--
-- Name: auth_permission auth_permission_pkey; Type: CONSTRAINT; Schema: public; Owner: postgres
--

ALTER TABLE ONLY public.auth_permission
    ADD CONSTRAINT auth_permission_pkey PRIMARY KEY (id);


--
-- Name: auth_user_groups auth_user_groups_pkey; Type: CONSTRAINT; Schema: public; Owner: postgres
--

ALTER TABLE ONLY public.auth_user_groups
    ADD CONSTRAINT auth_user_groups_pkey PRIMARY KEY (id);


--
-- Name: auth_user_groups auth_user_groups_user_id_group_id_94350c0c_uniq; Type: CONSTRAINT; Schema: public; Owner: postgres
--

ALTER TABLE ONLY public.auth_user_groups
    ADD CONSTRAINT auth_user_groups_user_id_group_id_94350c0c_uniq UNIQUE (user_id, group_id);


--
-- Name: auth_user auth_user_pkey; Type: CONSTRAINT; Schema: public; Owner: postgres
--

ALTER TABLE ONLY public.auth_user
    ADD CONSTRAINT auth_user_pkey PRIMARY KEY (id);


--
-- Name: auth_user_user_permissions auth_user_user_permissions_pkey; Type: CONSTRAINT; Schema: public; Owner: postgres
--

ALTER TABLE ONLY public.auth_user_user_permissions
    ADD CONSTRAINT auth_user_user_permissions_pkey PRIMARY KEY (id);


--
-- Name: auth_user_user_permissions auth_user_user_permissions_user_id_permission_id_14a6b632_uniq; Type: CONSTRAINT; Schema: public; Owner: postgres
--

ALTER TABLE ONLY public.auth_user_user_permissions
    ADD CONSTRAINT auth_user_user_permissions_user_id_permission_id_14a6b632_uniq UNIQUE (user_id, permission_id);


--
-- Name: auth_user auth_user_username_key; Type: CONSTRAINT; Schema: public; Owner: postgres
--

ALTER TABLE ONLY public.auth_user
    ADD CONSTRAINT auth_user_username_key UNIQUE (username);


--
-- Name: django_admin_log django_admin_log_pkey; Type: CONSTRAINT; Schema: public; Owner: postgres
--

ALTER TABLE ONLY public.django_admin_log
    ADD CONSTRAINT django_admin_log_pkey PRIMARY KEY (id);


--
-- Name: django_content_type django_content_type_app_label_model_76bd3d3b_uniq; Type: CONSTRAINT; Schema: public; Owner: postgres
--

ALTER TABLE ONLY public.django_content_type
    ADD CONSTRAINT django_content_type_app_label_model_76bd3d3b_uniq UNIQUE (app_label, model);


--
-- Name: django_content_type django_content_type_pkey; Type: CONSTRAINT; Schema: public; Owner: postgres
--

ALTER TABLE ONLY public.django_content_type
    ADD CONSTRAINT django_content_type_pkey PRIMARY KEY (id);


--
-- Name: django_migrations django_migrations_pkey; Type: CONSTRAINT; Schema: public; Owner: postgres
--

ALTER TABLE ONLY public.django_migrations
    ADD CONSTRAINT django_migrations_pkey PRIMARY KEY (id);


--
-- Name: django_session django_session_pkey; Type: CONSTRAINT; Schema: public; Owner: postgres
--

ALTER TABLE ONLY public.django_session
    ADD CONSTRAINT django_session_pkey PRIMARY KEY (session_key);


--
-- Name: mall_am_clients mall_am_clients_pkey; Type: CONSTRAINT; Schema: public; Owner: postgres
--

ALTER TABLE ONLY public.mall_am_clients
    ADD CONSTRAINT mall_am_clients_pkey PRIMARY KEY (id);


--
-- Name: mall_am_customer mall_am_customer_pkey; Type: CONSTRAINT; Schema: public; Owner: postgres
--

ALTER TABLE ONLY public.mall_am_customer
    ADD CONSTRAINT mall_am_customer_pkey PRIMARY KEY (id);


--
-- Name: mall_am_driver mall_am_driver_pkey; Type: CONSTRAINT; Schema: public; Owner: postgres
--

ALTER TABLE ONLY public.mall_am_driver
    ADD CONSTRAINT mall_am_driver_pkey PRIMARY KEY (id);


--
-- Name: mall_am_orders mall_am_product_pkey; Type: CONSTRAINT; Schema: public; Owner: postgres
--

ALTER TABLE ONLY public.mall_am_orders
    ADD CONSTRAINT mall_am_product_pkey PRIMARY KEY (id);


--
-- Name: mall_am_products mall_am_products_pkey; Type: CONSTRAINT; Schema: public; Owner: postgres
--

ALTER TABLE ONLY public.mall_am_products
    ADD CONSTRAINT mall_am_products_pkey PRIMARY KEY (id);


--
-- Name: mall_am_userscart mall_am_userscart_pkey; Type: CONSTRAINT; Schema: public; Owner: postgres
--

ALTER TABLE ONLY public.mall_am_userscart
    ADD CONSTRAINT mall_am_userscart_pkey PRIMARY KEY (id);


--
-- Name: mall_am_userspayment mall_am_userspayment_pkey; Type: CONSTRAINT; Schema: public; Owner: postgres
--

ALTER TABLE ONLY public.mall_am_userspayment
    ADD CONSTRAINT mall_am_userspayment_pkey PRIMARY KEY (id);


--
-- Name: auth_group_name_a6ea08ec_like; Type: INDEX; Schema: public; Owner: postgres
--

CREATE INDEX auth_group_name_a6ea08ec_like ON public.auth_group USING btree (name varchar_pattern_ops);


--
-- Name: auth_group_permissions_group_id_b120cbf9; Type: INDEX; Schema: public; Owner: postgres
--

CREATE INDEX auth_group_permissions_group_id_b120cbf9 ON public.auth_group_permissions USING btree (group_id);


--
-- Name: auth_group_permissions_permission_id_84c5c92e; Type: INDEX; Schema: public; Owner: postgres
--

CREATE INDEX auth_group_permissions_permission_id_84c5c92e ON public.auth_group_permissions USING btree (permission_id);


--
-- Name: auth_permission_content_type_id_2f476e4b; Type: INDEX; Schema: public; Owner: postgres
--

CREATE INDEX auth_permission_content_type_id_2f476e4b ON public.auth_permission USING btree (content_type_id);


--
-- Name: auth_user_groups_group_id_97559544; Type: INDEX; Schema: public; Owner: postgres
--

CREATE INDEX auth_user_groups_group_id_97559544 ON public.auth_user_groups USING btree (group_id);


--
-- Name: auth_user_groups_user_id_6a12ed8b; Type: INDEX; Schema: public; Owner: postgres
--

CREATE INDEX auth_user_groups_user_id_6a12ed8b ON public.auth_user_groups USING btree (user_id);


--
-- Name: auth_user_user_permissions_permission_id_1fbb5f2c; Type: INDEX; Schema: public; Owner: postgres
--

CREATE INDEX auth_user_user_permissions_permission_id_1fbb5f2c ON public.auth_user_user_permissions USING btree (permission_id);


--
-- Name: auth_user_user_permissions_user_id_a95ead1b; Type: INDEX; Schema: public; Owner: postgres
--

CREATE INDEX auth_user_user_permissions_user_id_a95ead1b ON public.auth_user_user_permissions USING btree (user_id);


--
-- Name: auth_user_username_6821ab7c_like; Type: INDEX; Schema: public; Owner: postgres
--

CREATE INDEX auth_user_username_6821ab7c_like ON public.auth_user USING btree (username varchar_pattern_ops);


--
-- Name: django_admin_log_content_type_id_c4bce8eb; Type: INDEX; Schema: public; Owner: postgres
--

CREATE INDEX django_admin_log_content_type_id_c4bce8eb ON public.django_admin_log USING btree (content_type_id);


--
-- Name: django_admin_log_user_id_c564eba6; Type: INDEX; Schema: public; Owner: postgres
--

CREATE INDEX django_admin_log_user_id_c564eba6 ON public.django_admin_log USING btree (user_id);


--
-- Name: django_session_expire_date_a5c62663; Type: INDEX; Schema: public; Owner: postgres
--

CREATE INDEX django_session_expire_date_a5c62663 ON public.django_session USING btree (expire_date);


--
-- Name: django_session_session_key_c0390e0f_like; Type: INDEX; Schema: public; Owner: postgres
--

CREATE INDEX django_session_session_key_c0390e0f_like ON public.django_session USING btree (session_key varchar_pattern_ops);


--
-- Name: auth_group_permissions auth_group_permissio_permission_id_84c5c92e_fk_auth_perm; Type: FK CONSTRAINT; Schema: public; Owner: postgres
--

ALTER TABLE ONLY public.auth_group_permissions
    ADD CONSTRAINT auth_group_permissio_permission_id_84c5c92e_fk_auth_perm FOREIGN KEY (permission_id) REFERENCES public.auth_permission(id) DEFERRABLE INITIALLY DEFERRED;


--
-- Name: auth_group_permissions auth_group_permissions_group_id_b120cbf9_fk_auth_group_id; Type: FK CONSTRAINT; Schema: public; Owner: postgres
--

ALTER TABLE ONLY public.auth_group_permissions
    ADD CONSTRAINT auth_group_permissions_group_id_b120cbf9_fk_auth_group_id FOREIGN KEY (group_id) REFERENCES public.auth_group(id) DEFERRABLE INITIALLY DEFERRED;


--
-- Name: auth_permission auth_permission_content_type_id_2f476e4b_fk_django_co; Type: FK CONSTRAINT; Schema: public; Owner: postgres
--

ALTER TABLE ONLY public.auth_permission
    ADD CONSTRAINT auth_permission_content_type_id_2f476e4b_fk_django_co FOREIGN KEY (content_type_id) REFERENCES public.django_content_type(id) DEFERRABLE INITIALLY DEFERRED;


--
-- Name: auth_user_groups auth_user_groups_group_id_97559544_fk_auth_group_id; Type: FK CONSTRAINT; Schema: public; Owner: postgres
--

ALTER TABLE ONLY public.auth_user_groups
    ADD CONSTRAINT auth_user_groups_group_id_97559544_fk_auth_group_id FOREIGN KEY (group_id) REFERENCES public.auth_group(id) DEFERRABLE INITIALLY DEFERRED;


--
-- Name: auth_user_groups auth_user_groups_user_id_6a12ed8b_fk_auth_user_id; Type: FK CONSTRAINT; Schema: public; Owner: postgres
--

ALTER TABLE ONLY public.auth_user_groups
    ADD CONSTRAINT auth_user_groups_user_id_6a12ed8b_fk_auth_user_id FOREIGN KEY (user_id) REFERENCES public.auth_user(id) DEFERRABLE INITIALLY DEFERRED;


--
-- Name: auth_user_user_permissions auth_user_user_permi_permission_id_1fbb5f2c_fk_auth_perm; Type: FK CONSTRAINT; Schema: public; Owner: postgres
--

ALTER TABLE ONLY public.auth_user_user_permissions
    ADD CONSTRAINT auth_user_user_permi_permission_id_1fbb5f2c_fk_auth_perm FOREIGN KEY (permission_id) REFERENCES public.auth_permission(id) DEFERRABLE INITIALLY DEFERRED;


--
-- Name: auth_user_user_permissions auth_user_user_permissions_user_id_a95ead1b_fk_auth_user_id; Type: FK CONSTRAINT; Schema: public; Owner: postgres
--

ALTER TABLE ONLY public.auth_user_user_permissions
    ADD CONSTRAINT auth_user_user_permissions_user_id_a95ead1b_fk_auth_user_id FOREIGN KEY (user_id) REFERENCES public.auth_user(id) DEFERRABLE INITIALLY DEFERRED;


--
-- Name: django_admin_log django_admin_log_content_type_id_c4bce8eb_fk_django_co; Type: FK CONSTRAINT; Schema: public; Owner: postgres
--

ALTER TABLE ONLY public.django_admin_log
    ADD CONSTRAINT django_admin_log_content_type_id_c4bce8eb_fk_django_co FOREIGN KEY (content_type_id) REFERENCES public.django_content_type(id) DEFERRABLE INITIALLY DEFERRED;


--
-- Name: django_admin_log django_admin_log_user_id_c564eba6_fk_auth_user_id; Type: FK CONSTRAINT; Schema: public; Owner: postgres
--

ALTER TABLE ONLY public.django_admin_log
    ADD CONSTRAINT django_admin_log_user_id_c564eba6_fk_auth_user_id FOREIGN KEY (user_id) REFERENCES public.auth_user(id) DEFERRABLE INITIALLY DEFERRED;


--
-- PostgreSQL database dump complete
--

